enabled,name,type,location_hint,direct_url,extra_keywords
yes,Stryker,entreprise,France OR Paris OR Europe OR Suisse OR Switzerland OR remote,,
yes,GE Healthcare,entreprise,France OR Paris OR Europe OR Suisse OR Switzerland OR remote,,
yes,Philips,entreprise,France OR Paris OR Europe OR Suisse OR Switzerland OR remote,,
yes,Japet,entreprise,France OR Paris OR Europe OR Suisse OR Switzerland OR remote,,
yes,Axorus,entreprise,France OR Paris OR Europe OR Suisse OR Switzerland OR remote,,
yes,HypnoVR,entreprise,France OR Paris OR Europe OR Suisse OR Switzerland OR remote,,
yes,Zimmer Biomet,entreprise,France OR Paris OR Europe OR Suisse OR Switzerland OR remote,,
yes,Medes,entreprise,France OR Paris OR Europe OR Suisse OR Switzerland OR remote,,
yes,Ortho Clinical Diagnostics,entreprise,France OR Paris OR Europe OR Suisse OR Switzerland OR remote,,
yes,Alcon,entreprise,France OR Paris OR Europe OR Suisse OR Switzerland OR remote,,
yes,Laboratoire M2S,labo,France OR Paris OR Europe OR Suisse OR Switzerland OR remote,,
yes,CorWave,entreprise,France OR Paris OR Europe OR Suisse OR Switzerland OR remote,,
yes,Volta Medical,entreprise,France OR Paris OR Europe OR Suisse OR Switzerland OR remote,,
yes,EPFL,labo,France OR Paris OR Europe OR Suisse OR Switzerland OR remote,,
yes,Clinatec,labo,France OR Paris OR Europe OR Suisse OR Switzerland OR remote,,
yes,Carmat,entreprise,France OR Paris OR Europe OR Suisse OR Switzerland OR remote,,
yes,NeuroRestore,labo,France OR Paris OR Europe OR Suisse OR Switzerland OR remote,,
yes,UMATEM,entreprise,France OR Paris OR Europe OR Suisse OR Switzerland OR remote,,
yes,LBMC,labo,France OR Paris OR Europe OR Suisse OR Switzerland OR remote,,
yes,Proteor,entreprise,France OR Paris OR Europe OR Suisse OR Switzerland OR remote,,
yes,ISIR,labo,France OR Paris OR Europe OR Suisse OR Switzerland OR remote,,
yes,General Electric,entreprise,France OR Paris OR Europe OR Suisse OR Switzerland OR remote,,
yes,Packaero,entreprise,France OR Paris OR Europe OR Suisse OR Switzerland OR remote,,
yes,CEA,labo,France OR Paris OR Europe OR Suisse OR Switzerland OR remote,,
yes,UPEC LISSI,entreprise,France OR Paris OR Europe OR Suisse OR Switzerland OR remote,,
yes,University of Waterloo,labo,France OR Paris OR Europe OR Suisse OR Switzerland OR remote,,
yes,ULB,labo,France OR Paris OR Europe OR Suisse OR Switzerland OR remote,,
yes,Robotex,entreprise,France OR Paris OR Europe OR Suisse OR Switzerland OR remote,,
yes,Microsoft Research,entreprise,France OR Paris OR Europe OR Suisse OR Switzerland OR remote,,
yes,Cisteo,entreprise,France OR Paris OR Europe OR Suisse OR Switzerland OR remote,,
yes,Keri Medical,entreprise,France OR Paris OR Europe OR Suisse OR Switzerland OR remote,,
yes,Medtronic,entreprise,France OR Paris OR Europe OR Suisse OR Switzerland OR remote,,
yes,Abbott,entreprise,France OR Paris OR Europe OR Suisse OR Switzerland OR remote,,
yes,Merck,entreprise,France OR Paris OR Europe OR Suisse OR Switzerland OR remote,,
yes,Biotronik,entreprise,France OR Paris OR Europe OR Suisse OR Switzerland OR remote,,
yes,Zeiss,entreprise,France OR Paris OR Europe OR Suisse OR Switzerland OR remote,,
yes,Align Technology,entreprise,France OR Paris OR Europe OR Suisse OR Switzerland OR remote,,
yes,Cardinal Health,entreprise,France OR Paris OR Europe OR Suisse OR Switzerland OR remote,,
yes,Hamilton Medical,entreprise,France OR Paris OR Europe OR Suisse OR Switzerland OR remote,,
yes,MSD Merck Sharp & Dohme,entreprise,France OR Paris OR Europe OR Suisse OR Switzerland OR remote,,
yes,TRUMPF,entreprise,France OR Paris OR Europe OR Suisse OR Switzerland OR remote,,
yes,Wandercraft,entreprise,France OR Paris OR Europe OR Suisse OR Switzerland OR remote,,
yes,Johnson & Johnson,entreprise,France OR Paris OR Europe OR Suisse OR Switzerland OR remote,,
yes,Boston Scientific,entreprise,France OR Paris OR Europe OR Suisse OR Switzerland OR remote,,
yes,Sysnav,entreprise,France OR Paris OR Europe OR Suisse OR Switzerland OR remote,,
yes,Affluent Medical,entreprise,France OR Paris OR Europe OR Suisse OR Switzerland OR remote,,
yes,Stago,entreprise,France OR Paris OR Europe OR Suisse OR Switzerland OR remote,,
yes,Siemens Healthineers,entreprise,France OR Paris OR Europe OR Suisse OR Switzerland OR remote,,
yes,Distalmotion,entreprise,France OR Paris OR Europe OR Suisse OR Switzerland OR remote,,
yes,Swiss Medical Network,entreprise,France OR Paris OR Europe OR Suisse OR Switzerland OR remote,,
yes,Intuitive Surgical,entreprise,France OR Paris OR Europe OR Suisse OR Switzerland OR remote,,
yes,Eyesoft,entreprise,France OR Paris OR Europe OR Suisse OR Switzerland OR remote,,
yes,Artedrone,entreprise,France OR Paris OR Europe OR Suisse OR Switzerland OR remote,,
yes,Project CETI,entreprise,France OR Paris OR Europe OR Suisse OR Switzerland OR remote,,
yes,Alatyr Space,entreprise,France OR Paris OR Europe OR Suisse OR Switzerland OR remote,,
yes,ESA,entreprise,France OR Paris OR Europe OR Suisse OR Switzerland OR remote,,
yes,Wyss Institute,labo,France OR Paris OR Europe OR Suisse OR Switzerland OR remote,,
yes,ARTORG,labo,France OR Paris OR Europe OR Suisse OR Switzerland OR remote,,
yes,Physique pour la médecine,entreprise,France OR Paris OR Europe OR Suisse OR Switzerland OR remote,,
yes,Institut du Cerveau,labo,France OR Paris OR Europe OR Suisse OR Switzerland OR remote,,
yes,Lunaphore,entreprise,France OR Paris OR Europe OR Suisse OR Switzerland OR remote,,
yes,CNRS,labo,France OR Paris OR Europe OR Suisse OR Switzerland OR remote,,
yes,Inserm,labo,France OR Paris OR Europe OR Suisse OR Switzerland OR remote,,
yes,Institut Pasteur,labo,France OR Paris OR Europe OR Suisse OR Switzerland OR remote,,
yes,Institut Curie,labo,France OR Paris OR Europe OR Suisse OR Switzerland OR remote,,
yes,Iconeus,entreprise,France OR Paris OR Europe OR Suisse OR Switzerland OR remote,,
