enabled,name,type,location_hint,direct_url,direct_url_2,direct_url_3,linkedin_jobs_url,hellowork_jobs_url,indeed_jobs_url,extra_keywords,url_status,url_note,checked_on
yes,Stryker,entreprise,France OR Suisse OR Switzerland,https://careers.stryker.com/jobs,,,https://www.linkedin.com/jobs/search/?keywords=Stryker+engineer+biomedical+medical+imaging&location=France+Suisse,https://www.hellowork.com/fr-fr/emploi/recherche.html?k=Stryker+ing%C3%A9nieur+biomedical+imagerie+m%C3%A9dicale&l=France,https://fr.indeed.com/jobs?q=Stryker+ing%C3%A9nieur+biomedical+imagerie+m%C3%A9dicale&l=France+Suisse,,verified_official,Official Stryker careers job search.,2026-05-29
yes,GE Healthcare,entreprise,France OR Suisse OR Switzerland,https://careers.gehealthcare.com/global/en/search-results,,,https://www.linkedin.com/jobs/search/?keywords=GE+Healthcare+engineer+biomedical+medical+imaging&location=France+Suisse,https://www.hellowork.com/fr-fr/emploi/recherche.html?k=GE+Healthcare+ing%C3%A9nieur+biomedical+imagerie+m%C3%A9dicale&l=France,https://fr.indeed.com/jobs?q=GE+Healthcare+ing%C3%A9nieur+biomedical+imagerie+m%C3%A9dicale&l=France+Suisse,,verified_official,Official GE HealthCare search results.,2026-05-29
yes,Philips,entreprise,France OR Suisse OR Switzerland,https://www.careers.philips.com/emea/en/search-results,,,https://www.linkedin.com/jobs/search/?keywords=Philips+engineer+biomedical+medical+imaging&location=France+Suisse,https://www.hellowork.com/fr-fr/emploi/recherche.html?k=Philips+ing%C3%A9nieur+biomedical+imagerie+m%C3%A9dicale&l=France,https://fr.indeed.com/jobs?q=Philips+ing%C3%A9nieur+biomedical+imagerie+m%C3%A9dicale&l=France+Suisse,,verified_official,Official Philips careers search results.,2026-05-29
yes,Japet,entreprise,France OR Suisse OR Switzerland,https://www.linkedin.com/company/japet/jobs/,,,https://www.linkedin.com/jobs/search/?keywords=Japet+engineer+biomedical+medical+imaging&location=France+Suisse,https://www.hellowork.com/fr-fr/emploi/recherche.html?k=Japet+ing%C3%A9nieur+biomedical+imagerie+m%C3%A9dicale&l=France,https://fr.indeed.com/jobs?q=Japet+ing%C3%A9nieur+biomedical+imagerie+m%C3%A9dicale&l=France+Suisse,,not_found,No reliable jobs/careers page found; monitor website and LinkedIn manually.,2026-05-29
yes,HypnoVR,entreprise,France OR Suisse OR Switzerland,https://fr.linkedin.com/company/hypno-vr/jobs,,,https://www.linkedin.com/jobs/search/?keywords=HypnoVR+engineer+biomedical+medical+imaging&location=France+Suisse,https://www.hellowork.com/fr-fr/emploi/recherche.html?k=HypnoVR+ing%C3%A9nieur+biomedical+imagerie+m%C3%A9dicale&l=France,https://fr.indeed.com/jobs?q=HypnoVR+ing%C3%A9nieur+biomedical+imagerie+m%C3%A9dicale&l=France+Suisse,,linkedin_fallback,No official job board found; LinkedIn fallback.,2026-05-29
yes,Zimmer Biomet,entreprise,France OR Suisse OR Switzerland,https://careers.zimmerbiomet.com/fr/fr/search-results,,,https://www.linkedin.com/jobs/search/?keywords=Zimmer+Biomet+engineer+biomedical+medical+imaging&location=France+Suisse,https://www.hellowork.com/fr-fr/emploi/recherche.html?k=Zimmer+Biomet+ing%C3%A9nieur+biomedical+imagerie+m%C3%A9dicale&l=France,https://fr.indeed.com/jobs?q=Zimmer+Biomet+ing%C3%A9nieur+biomedical+imagerie+m%C3%A9dicale&l=France+Suisse,,verified_official,Official Zimmer Biomet careers search results.,2026-05-29
yes,Medes,entreprise,France OR Suisse OR Switzerland,https://www.medes.fr/le-groupe/recrutement/,,,https://www.linkedin.com/jobs/search/?keywords=Medes+engineer+biomedical+medical+imaging&location=France+Suisse,https://www.hellowork.com/fr-fr/emploi/recherche.html?k=Medes+ing%C3%A9nieur+biomedical+imagerie+m%C3%A9dicale&l=France,https://fr.indeed.com/jobs?q=Medes+ing%C3%A9nieur+biomedical+imagerie+m%C3%A9dicale&l=France+Suisse,,verified_official,Official MEDES recruitment page.,2026-05-29
yes,Ortho Clinical Diagnostics,entreprise,France OR Suisse OR Switzerland,https://orthoclinical.wd1.myworkdayjobs.com/fr-FR/Search,,,https://www.linkedin.com/jobs/search/?keywords=Ortho+Clinical+Diagnostics+engineer+biomedical+medical+imaging&location=France+Suisse,https://www.hellowork.com/fr-fr/emploi/recherche.html?k=Ortho+Clinical+Diagnostics+ing%C3%A9nieur+biomedical+imagerie+m%C3%A9dicale&l=France,https://fr.indeed.com/jobs?q=Ortho+Clinical+Diagnostics+ing%C3%A9nieur+biomedical+imagerie+m%C3%A9dicale&l=France+Suisse,,verified_official,Ortho Clinical Diagnostics is now QuidelOrtho; official careers home.,2026-05-29
yes,Alcon,entreprise,France OR Suisse OR Switzerland,https://alcon.wd5.myworkdayjobs.com/careers_alcon,,,https://www.linkedin.com/jobs/search/?keywords=Alcon+engineer+biomedical+medical+imaging&location=France+Suisse,https://www.hellowork.com/fr-fr/emploi/recherche.html?k=Alcon+ing%C3%A9nieur+biomedical+imagerie+m%C3%A9dicale&l=France,https://fr.indeed.com/jobs?q=Alcon+ing%C3%A9nieur+biomedical+imagerie+m%C3%A9dicale&l=France+Suisse,,verified_official_ats,Official Alcon Workday careers site.,2026-05-29
yes,CorWave,entreprise,France OR Suisse OR Switzerland,https://apply.workable.com/corwave-1/,,,https://www.linkedin.com/jobs/search/?keywords=CorWave+engineer+biomedical+medical+imaging&location=France+Suisse,https://www.hellowork.com/fr-fr/emploi/recherche.html?k=CorWave+ing%C3%A9nieur+biomedical+imagerie+m%C3%A9dicale&l=France,https://fr.indeed.com/jobs?q=CorWave+ing%C3%A9nieur+biomedical+imagerie+m%C3%A9dicale&l=France+Suisse,,verified_official_ats,Official Workable job board linked from CorWave careers.,2026-05-29
yes,Volta Medical,entreprise,France OR Suisse OR Switzerland,https://jobs.eu.lever.co/volta-medical,,,https://www.linkedin.com/jobs/search/?keywords=Volta+Medical+engineer+biomedical+medical+imaging&location=France+Suisse,https://www.hellowork.com/fr-fr/emploi/recherche.html?k=Volta+Medical+ing%C3%A9nieur+biomedical+imagerie+m%C3%A9dicale&l=France,https://fr.indeed.com/jobs?q=Volta+Medical+ing%C3%A9nieur+biomedical+imagerie+m%C3%A9dicale&l=France+Suisse,,verified_official_ats,Official Lever job board for Volta Medical.,2026-05-29
yes,EPFL,labo,France OR Suisse OR Switzerland,https://www.epfl.ch/about/working/working-at-epfl/job-openings/,,,https://www.linkedin.com/jobs/search/?keywords=EPFL+engineer+biomedical+medical+imaging&location=France+Suisse,https://www.hellowork.com/fr-fr/emploi/recherche.html?k=EPFL+ing%C3%A9nieur+biomedical+imagerie+m%C3%A9dicale&l=France,https://fr.indeed.com/jobs?q=EPFL+ing%C3%A9nieur+biomedical+imagerie+m%C3%A9dicale&l=France+Suisse,PhD OR ingénieur R&D OR medical imaging OR biomedical OR Python OR MATLAB,verified_official,EPFL job opportunities.,2026-05-29
yes,Clinatec,labo,France OR Suisse OR Switzerland,https://fonds-clinatec.fr/en/whats-new-at-clinatec/?e-filter-118656a-category=recrutement-en,,,https://www.linkedin.com/jobs/search/?keywords=Clinatec+engineer+biomedical+medical+imaging&location=France+Suisse,https://www.hellowork.com/fr-fr/emploi/recherche.html?k=Clinatec+ing%C3%A9nieur+biomedical+imagerie+m%C3%A9dicale&l=France,https://fr.indeed.com/jobs?q=Clinatec+ing%C3%A9nieur+biomedical+imagerie+m%C3%A9dicale&l=France+Suisse,,verified_official,Official Clinatec/Fonds Clinatec careers page.,2026-05-29
yes,NeuroRestore,labo,France OR Suisse OR Switzerland,https://www.neurorestore.swiss/open-position,,,https://www.linkedin.com/jobs/search/?keywords=NeuroRestore+engineer+biomedical+medical+imaging&location=France+Suisse,https://www.hellowork.com/fr-fr/emploi/recherche.html?k=NeuroRestore+ing%C3%A9nieur+biomedical+imagerie+m%C3%A9dicale&l=France,https://fr.indeed.com/jobs?q=NeuroRestore+ing%C3%A9nieur+biomedical+imagerie+m%C3%A9dicale&l=France+Suisse,,verified_official,Official NeuroRestore open positions page.,2026-05-29
yes,LBMC,labo,France OR Suisse OR Switzerland,https://lbmc.univ-gustave-eiffel.fr/nous-rejoindre/theses,https://lbmc.univ-gustave-eiffel.fr/nous-rejoindre/post-doctorants,,https://www.linkedin.com/jobs/search/?keywords=LBMC+engineer+biomedical+medical+imaging&location=France+Suisse,https://www.hellowork.com/fr-fr/emploi/recherche.html?k=LBMC+ing%C3%A9nieur+biomedical+imagerie+m%C3%A9dicale&l=France,https://fr.indeed.com/jobs?q=LBMC+ing%C3%A9nieur+biomedical+imagerie+m%C3%A9dicale&l=France+Suisse,PhD OR ingénieur R&D OR medical imaging OR biomedical OR Python OR MATLAB,verified_or_user_provided,Pages LBMC thèses et post-doctorants.,2026-05-29
yes,Proteor,entreprise,France OR Suisse OR Switzerland,https://fr.proteor.com/postes/,,,https://www.linkedin.com/jobs/search/?keywords=Proteor+engineer+biomedical+medical+imaging&location=France+Suisse,https://www.hellowork.com/fr-fr/emploi/recherche.html?k=Proteor+ing%C3%A9nieur+biomedical+imagerie+m%C3%A9dicale&l=France,https://fr.indeed.com/jobs?q=Proteor+ing%C3%A9nieur+biomedical+imagerie+m%C3%A9dicale&l=France+Suisse,,verified_official,Official PROTEOR positions page.,2026-05-29
yes,ISIR,labo,France OR Suisse OR Switzerland,https://www.isir.upmc.fr/join-us/opportunities/?lang=en,,,https://www.linkedin.com/jobs/search/?keywords=ISIR+engineer+biomedical+medical+imaging&location=France+Suisse,https://www.hellowork.com/fr-fr/emploi/recherche.html?k=ISIR+ing%C3%A9nieur+biomedical+imagerie+m%C3%A9dicale&l=France,https://fr.indeed.com/jobs?q=ISIR+ing%C3%A9nieur+biomedical+imagerie+m%C3%A9dicale&l=France+Suisse,,verified_official_labo,Official ISIR opportunities page.,2026-05-29
yes,CEA,labo,France OR Suisse OR Switzerland,https://www.emploi.cea.fr/offre-de-emploi/liste-offres.aspx,,,https://www.linkedin.com/jobs/search/?keywords=CEA+engineer+biomedical+medical+imaging&location=France+Suisse,https://www.hellowork.com/fr-fr/emploi/recherche.html?k=CEA+ing%C3%A9nieur+biomedical+imagerie+m%C3%A9dicale&l=France,https://fr.indeed.com/jobs?q=CEA+ing%C3%A9nieur+biomedical+imagerie+m%C3%A9dicale&l=France+Suisse,PhD OR ingénieur R&D OR medical imaging OR biomedical OR Python OR MATLAB,verified_official,CEA official job offers.,2026-05-29
yes,University of Waterloo,labo,France OR Suisse OR Switzerland,https://uwaterloo.wd3.myworkdayjobs.com/uw_careers,,,https://www.linkedin.com/jobs/search/?keywords=University+of+Waterloo+engineer+biomedical+medical+imaging&location=France+Suisse,https://www.hellowork.com/fr-fr/emploi/recherche.html?k=University+of+Waterloo+ing%C3%A9nieur+biomedical+imagerie+m%C3%A9dicale&l=France,https://fr.indeed.com/jobs?q=University+of+Waterloo+ing%C3%A9nieur+biomedical+imagerie+m%C3%A9dicale&l=France+Suisse,,verified_official_ats,Official Waterloo Workday careers portal.,2026-05-29
yes,ULB,labo,France OR Suisse OR Switzerland,https://www.ulb.be/fr/offres-d-emploi/offres-demploi-a-lulb-externes,,,https://www.linkedin.com/jobs/search/?keywords=ULB+engineer+biomedical+medical+imaging&location=France+Suisse,https://www.hellowork.com/fr-fr/emploi/recherche.html?k=ULB+ing%C3%A9nieur+biomedical+imagerie+m%C3%A9dicale&l=France,https://fr.indeed.com/jobs?q=ULB+ing%C3%A9nieur+biomedical+imagerie+m%C3%A9dicale&l=France+Suisse,PhD OR ingénieur R&D OR medical imaging OR biomedical OR Python OR MATLAB,verified_or_user_provided,Portail offres externes ULB; le script filtrera France/Suisse.,2026-05-29
yes,Cisteo,entreprise,France OR Suisse OR Switzerland,https://www.cisteomedical.com/en/career/,,,https://www.linkedin.com/jobs/search/?keywords=Cisteo+engineer+biomedical+medical+imaging&location=France+Suisse,https://www.hellowork.com/fr-fr/emploi/recherche.html?k=Cisteo+ing%C3%A9nieur+biomedical+imagerie+m%C3%A9dicale&l=France,https://fr.indeed.com/jobs?q=Cisteo+ing%C3%A9nieur+biomedical+imagerie+m%C3%A9dicale&l=France+Suisse,,verified_official,Official Cisteo Medical career page.,2026-05-29
yes,Kerimedical,entreprise,France OR Suisse OR Switzerland,https://fr.indeed.com/cmp/Keri-Medical-Sa/jobs,,,https://www.linkedin.com/jobs/search/?keywords=Kerimedical+engineer+biomedical+medical+imaging&location=France+Suisse,https://www.hellowork.com/fr-fr/emploi/recherche.html?k=Kerimedical+ing%C3%A9nieur+biomedical+imagerie+m%C3%A9dicale&l=France,https://fr.indeed.com/jobs?q=Kerimedical+ing%C3%A9nieur+biomedical+imagerie+m%C3%A9dicale&l=France+Suisse,PhD OR ingénieur R&D OR medical imaging OR biomedical OR Python OR MATLAB,verified_or_user_provided,Page Indeed Keri Medical fournie.,2026-05-29
yes,Medtronic,entreprise,France OR Suisse OR Switzerland,https://medtronic.wd1.myworkdayjobs.com/fr-FR/MedtronicCareers?locationCountry=54c5b6971ffb4bf0b116fe7651ec789a,,,https://www.linkedin.com/jobs/search/?keywords=Medtronic+engineer+biomedical+medical+imaging&location=France+Suisse,https://www.hellowork.com/fr-fr/emploi/recherche.html?k=Medtronic+ing%C3%A9nieur+biomedical+imagerie+m%C3%A9dicale&l=France,https://fr.indeed.com/jobs?q=Medtronic+ing%C3%A9nieur+biomedical+imagerie+m%C3%A9dicale&l=France+Suisse,PhD OR ingénieur R&D OR medical imaging OR biomedical OR Python OR MATLAB,verified_or_user_provided,Workday Medtronic filtré France.,2026-05-29
yes,Abbott,entreprise,France OR Suisse OR Switzerland,https://www.jobs.abbott/us/en/c/research-development-jobs,,,https://www.linkedin.com/jobs/search/?keywords=Abbott+engineer+biomedical+medical+imaging&location=France+Suisse,https://www.hellowork.com/fr-fr/emploi/recherche.html?k=Abbott+ing%C3%A9nieur+biomedical+imagerie+m%C3%A9dicale&l=France,https://fr.indeed.com/jobs?q=Abbott+ing%C3%A9nieur+biomedical+imagerie+m%C3%A9dicale&l=France+Suisse,PhD OR ingénieur R&D OR medical imaging OR biomedical OR Python OR MATLAB,verified_or_user_provided,Portail Abbott R&D jobs.,2026-05-29
yes,Merck,entreprise,France OR Suisse OR Switzerland,https://careers.merckgroup.com/global/en/search-results,,,https://www.linkedin.com/jobs/search/?keywords=Merck+engineer+biomedical+medical+imaging&location=France+Suisse,https://www.hellowork.com/fr-fr/emploi/recherche.html?k=Merck+ing%C3%A9nieur+biomedical+imagerie+m%C3%A9dicale&l=France,https://fr.indeed.com/jobs?q=Merck+ing%C3%A9nieur+biomedical+imagerie+m%C3%A9dicale&l=France+Suisse,PhD OR ingénieur R&D OR medical imaging OR biomedical OR Python OR MATLAB,verified_or_user_provided,Merck Group search results.,2026-05-29
yes,Biotronik,entreprise,France OR Suisse OR Switzerland,https://career5.successfactors.eu/career?company=C0001096615P&career%5fns=job%5flisting%5fsummary&navBarLevel=JOB%5fSEARCH&site=VjQtMC1hMS0zUmlLd0w3ZzJzYTJlTnloQ1hwZzNNSUV6TU9JYWVjVGlzeDF0RDdv&_s.crb=13aZCOfy7aIQeW7Cu20d%2f72m9qM6beANH9e0yWzzJNc%3d,,,https://www.linkedin.com/jobs/search/?keywords=Biotronik+engineer+biomedical+medical+imaging&location=France+Suisse,https://www.hellowork.com/fr-fr/emploi/recherche.html?k=Biotronik+ing%C3%A9nieur+biomedical+imagerie+m%C3%A9dicale&l=France,https://fr.indeed.com/jobs?q=Biotronik+ing%C3%A9nieur+biomedical+imagerie+m%C3%A9dicale&l=France+Suisse,PhD OR ingénieur R&D OR medical imaging OR biomedical OR Python OR MATLAB,verified_or_user_provided,SuccessFactors BIOTRONIK fourni.,2026-05-29
yes,Zeiss,entreprise,France OR Suisse OR Switzerland,https://www.zeiss.com/career/en/job-search.html,,,https://www.linkedin.com/jobs/search/?keywords=Zeiss+engineer+biomedical+medical+imaging&location=France+Suisse,https://www.hellowork.com/fr-fr/emploi/recherche.html?k=Zeiss+ing%C3%A9nieur+biomedical+imagerie+m%C3%A9dicale&l=France,https://fr.indeed.com/jobs?q=Zeiss+ing%C3%A9nieur+biomedical+imagerie+m%C3%A9dicale&l=France+Suisse,,verified_official,Official ZEISS job search.,2026-05-29
yes,Align Technology,entreprise,France OR Suisse OR Switzerland,https://jobs.aligntech.com/search-job,,,https://www.linkedin.com/jobs/search/?keywords=Align+Technology+engineer+biomedical+medical+imaging&location=France+Suisse,https://www.hellowork.com/fr-fr/emploi/recherche.html?k=Align+Technology+ing%C3%A9nieur+biomedical+imagerie+m%C3%A9dicale&l=France,https://fr.indeed.com/jobs?q=Align+Technology+ing%C3%A9nieur+biomedical+imagerie+m%C3%A9dicale&l=France+Suisse,,verified_official,Official Align Technology job search.,2026-05-29
yes,Cardinal Health,entreprise,France OR Suisse OR Switzerland,https://jobs.cardinalhealth.com/search/searchjobs,,,https://www.linkedin.com/jobs/search/?keywords=Cardinal+Health+engineer+biomedical+medical+imaging&location=France+Suisse,https://www.hellowork.com/fr-fr/emploi/recherche.html?k=Cardinal+Health+ing%C3%A9nieur+biomedical+imagerie+m%C3%A9dicale&l=France,https://fr.indeed.com/jobs?q=Cardinal+Health+ing%C3%A9nieur+biomedical+imagerie+m%C3%A9dicale&l=France+Suisse,,verified_official,Official Cardinal Health jobs portal.,2026-05-29
yes,Hamilton Medical,entreprise,France OR Suisse OR Switzerland,https://jobs.hamilton.ch/en/open-positions/,,,https://www.linkedin.com/jobs/search/?keywords=Hamilton+Medical+engineer+biomedical+medical+imaging&location=France+Suisse,https://www.hellowork.com/fr-fr/emploi/recherche.html?k=Hamilton+Medical+ing%C3%A9nieur+biomedical+imagerie+m%C3%A9dicale&l=France,https://fr.indeed.com/jobs?q=Hamilton+Medical+ing%C3%A9nieur+biomedical+imagerie+m%C3%A9dicale&l=France+Suisse,PhD OR ingénieur R&D OR medical imaging OR biomedical OR Python OR MATLAB,verified_or_user_provided,Hamilton open positions.,2026-05-29
yes,MSD Merck Sharp & Dohme,entreprise,France OR Suisse OR Switzerland,https://jobs.msd.com/fr/fr/search-results,,,https://www.linkedin.com/jobs/search/?keywords=MSD+Merck+Sharp+%26+Dohme+engineer+biomedical+medical+imaging&location=France+Suisse,https://www.hellowork.com/fr-fr/emploi/recherche.html?k=MSD+Merck+Sharp+%26+Dohme+ing%C3%A9nieur+biomedical+imagerie+m%C3%A9dicale&l=France,https://fr.indeed.com/jobs?q=MSD+Merck+Sharp+%26+Dohme+ing%C3%A9nieur+biomedical+imagerie+m%C3%A9dicale&l=France+Suisse,PhD OR ingénieur R&D OR medical imaging OR biomedical OR Python OR MATLAB,verified_or_user_provided,MSD search results.,2026-05-29
yes,Trumpf,entreprise,France OR Suisse OR Switzerland,https://trumpf.wd3.myworkdayjobs.com/en-US/TRUMPF_Graduates_and_Professionals,,,https://www.linkedin.com/jobs/search/?keywords=Trumpf+engineer+biomedical+medical+imaging&location=France+Suisse,https://www.hellowork.com/fr-fr/emploi/recherche.html?k=Trumpf+ing%C3%A9nieur+biomedical+imagerie+m%C3%A9dicale&l=France,https://fr.indeed.com/jobs?q=Trumpf+ing%C3%A9nieur+biomedical+imagerie+m%C3%A9dicale&l=France+Suisse,PhD OR ingénieur R&D OR medical imaging OR biomedical OR Python OR MATLAB,verified_or_user_provided,TRUMPF Workday graduates/professionals.,2026-05-29
yes,Wandercraft,entreprise,France OR Suisse OR Switzerland,https://wandercraft.welcomekit.co/,,,https://www.linkedin.com/jobs/search/?keywords=Wandercraft+engineer+biomedical+medical+imaging&location=France+Suisse,https://www.hellowork.com/fr-fr/emploi/recherche.html?k=Wandercraft+ing%C3%A9nieur+biomedical+imagerie+m%C3%A9dicale&l=France,https://fr.indeed.com/jobs?q=Wandercraft+ing%C3%A9nieur+biomedical+imagerie+m%C3%A9dicale&l=France+Suisse,,verified_official_ats,Official WelcomeKit job board for Wandercraft.,2026-05-29
yes,Johnson and Johnson,entreprise,France OR Suisse OR Switzerland,https://www.careers.jnj.com/en/jobs/?orderby=0&pagesize=20&page=1&radius=100&country=France,,,https://www.linkedin.com/jobs/search/?keywords=Johnson+and+Johnson+engineer+biomedical+medical+imaging&location=France+Suisse,https://www.hellowork.com/fr-fr/emploi/recherche.html?k=Johnson+and+Johnson+ing%C3%A9nieur+biomedical+imagerie+m%C3%A9dicale&l=France,https://fr.indeed.com/jobs?q=Johnson+and+Johnson+ing%C3%A9nieur+biomedical+imagerie+m%C3%A9dicale&l=France+Suisse,PhD OR ingénieur R&D OR medical imaging OR biomedical OR Python OR MATLAB,verified_or_user_provided,J&J jobs France.,2026-05-29
yes,Boston Scientific,entreprise,France OR Suisse OR Switzerland,https://bostonscientific.eightfold.ai/careers?start=0&pid=563602812450716&sort_by=hot&filter_country=France,,,https://www.linkedin.com/jobs/search/?keywords=Boston+Scientific+engineer+biomedical+medical+imaging&location=France+Suisse,https://www.hellowork.com/fr-fr/emploi/recherche.html?k=Boston+Scientific+ing%C3%A9nieur+biomedical+imagerie+m%C3%A9dicale&l=France,https://fr.indeed.com/jobs?q=Boston+Scientific+ing%C3%A9nieur+biomedical+imagerie+m%C3%A9dicale&l=France+Suisse,PhD OR ingénieur R&D OR medical imaging OR biomedical OR Python OR MATLAB,verified_or_user_provided,Boston Scientific Eightfold France.,2026-05-29
yes,Sysnav,entreprise,France OR Suisse OR Switzerland,https://sysnav.welcomekit.co/,,,https://www.linkedin.com/jobs/search/?keywords=Sysnav+engineer+biomedical+medical+imaging&location=France+Suisse,https://www.hellowork.com/fr-fr/emploi/recherche.html?k=Sysnav+ing%C3%A9nieur+biomedical+imagerie+m%C3%A9dicale&l=France,https://fr.indeed.com/jobs?q=Sysnav+ing%C3%A9nieur+biomedical+imagerie+m%C3%A9dicale&l=France+Suisse,,verified_official_ats,Official WelcomeKit job board for Sysnav.,2026-05-29
yes,Affluent Medical,entreprise,France OR Suisse OR Switzerland,https://www.emploi.leem.org/company/2087,,,https://www.linkedin.com/jobs/search/?keywords=Affluent+Medical+engineer+biomedical+medical+imaging&location=France+Suisse,https://www.hellowork.com/fr-fr/emploi/recherche.html?k=Affluent+Medical+ing%C3%A9nieur+biomedical+imagerie+m%C3%A9dicale&l=France,https://fr.indeed.com/jobs?q=Affluent+Medical+ing%C3%A9nieur+biomedical+imagerie+m%C3%A9dicale&l=France+Suisse,,sector_jobboard_fallback,No official career page found; Leem employer page fallback.,2026-05-29
yes,Stago,entreprise,France OR Suisse OR Switzerland,https://www.stago.fr/carrieres/offres-demploi/%23page-search---index---lang---fr_FR/#page-search---index,,,https://www.linkedin.com/jobs/search/?keywords=Stago+engineer+biomedical+medical+imaging&location=France+Suisse,https://www.hellowork.com/fr-fr/emploi/recherche.html?k=Stago+ing%C3%A9nieur+biomedical+imagerie+m%C3%A9dicale&l=France,https://fr.indeed.com/jobs?q=Stago+ing%C3%A9nieur+biomedical+imagerie+m%C3%A9dicale&l=France+Suisse,PhD OR ingénieur R&D OR medical imaging OR biomedical OR Python OR MATLAB,verified_or_user_provided,Stago offres emploi.,2026-05-29
yes,Siemens Healthineers,entreprise,France OR Suisse OR Switzerland,https://careers.siemens-healthineers.com/global/en/c/manufacturing-jobs,https://careers.siemens-healthineers.com/global/en/c/clinical-jobs,,https://www.linkedin.com/jobs/search/?keywords=Siemens+Healthineers+engineer+biomedical+medical+imaging&location=France+Suisse,https://www.hellowork.com/fr-fr/emploi/recherche.html?k=Siemens+Healthineers+ing%C3%A9nieur+biomedical+imagerie+m%C3%A9dicale&l=France,https://fr.indeed.com/jobs?q=Siemens+Healthineers+ing%C3%A9nieur+biomedical+imagerie+m%C3%A9dicale&l=France+Suisse,PhD OR ingénieur R&D OR medical imaging OR biomedical OR Python OR MATLAB,verified_or_user_provided,Siemens Healthineers manufacturing + clinical jobs.,2026-05-29
yes,Distalmotion,entreprise,France OR Suisse OR Switzerland,https://apply.workable.com/distalmotion/,,,https://www.linkedin.com/jobs/search/?keywords=Distalmotion+engineer+biomedical+medical+imaging&location=France+Suisse,https://www.hellowork.com/fr-fr/emploi/recherche.html?k=Distalmotion+ing%C3%A9nieur+biomedical+imagerie+m%C3%A9dicale&l=France,https://fr.indeed.com/jobs?q=Distalmotion+ing%C3%A9nieur+biomedical+imagerie+m%C3%A9dicale&l=France+Suisse,,verified_official_ats,Official Workable board for Distalmotion.,2026-05-29
yes,Intuitive Surgical,entreprise,France OR Suisse OR Switzerland,https://careers.intuitive.com/en/jobs/,,,https://www.linkedin.com/jobs/search/?keywords=Intuitive+Surgical+engineer+biomedical+medical+imaging&location=France+Suisse,https://www.hellowork.com/fr-fr/emploi/recherche.html?k=Intuitive+Surgical+ing%C3%A9nieur+biomedical+imagerie+m%C3%A9dicale&l=France,https://fr.indeed.com/jobs?q=Intuitive+Surgical+ing%C3%A9nieur+biomedical+imagerie+m%C3%A9dicale&l=France+Suisse,,verified_official,Official Intuitive jobs page.,2026-05-29
yes,Eyesoft,entreprise,France OR Suisse OR Switzerland,https://www.linkedin.com/company/eyesoftpro/jobs/,,,https://www.linkedin.com/jobs/search/?keywords=Eyesoft+engineer+biomedical+medical+imaging&location=France+Suisse,https://www.hellowork.com/fr-fr/emploi/recherche.html?k=Eyesoft+ing%C3%A9nieur+biomedical+imagerie+m%C3%A9dicale&l=France,https://fr.indeed.com/jobs?q=Eyesoft+ing%C3%A9nieur+biomedical+imagerie+m%C3%A9dicale&l=France+Suisse,PhD OR ingénieur R&D OR medical imaging OR biomedical OR Python OR MATLAB,verified_or_user_provided,LinkedIn jobs Eyesoft.,2026-05-29
yes,Artedrone,entreprise,France OR Suisse OR Switzerland,https://fr.linkedin.com/company/artedrone/jobs,,,https://www.linkedin.com/jobs/search/?keywords=Artedrone+engineer+biomedical+medical+imaging&location=France+Suisse,https://www.hellowork.com/fr-fr/emploi/recherche.html?k=Artedrone+ing%C3%A9nieur+biomedical+imagerie+m%C3%A9dicale&l=France,https://fr.indeed.com/jobs?q=Artedrone+ing%C3%A9nieur+biomedical+imagerie+m%C3%A9dicale&l=France+Suisse,Artedrone micro-cathéter recrutement,linkedin_fallback,No official careers page found; LinkedIn company jobs fallback.,2026-05-29
yes,Alatyr Space,entreprise,France OR Suisse OR Switzerland,https://www.alatyr.space/careers,,,https://www.linkedin.com/jobs/search/?keywords=Alatyr+Space+engineer+biomedical+medical+imaging&location=France+Suisse,https://www.hellowork.com/fr-fr/emploi/recherche.html?k=Alatyr+Space+ing%C3%A9nieur+biomedical+imagerie+m%C3%A9dicale&l=France,https://fr.indeed.com/jobs?q=Alatyr+Space+ing%C3%A9nieur+biomedical+imagerie+m%C3%A9dicale&l=France+Suisse,,verified_official,Official Alatyr careers page.,2026-05-29
yes,ESA,entreprise,France OR Suisse OR Switzerland,https://jobs.esa.int/,,,https://www.linkedin.com/jobs/search/?keywords=ESA+engineer+biomedical+medical+imaging&location=France+Suisse,https://www.hellowork.com/fr-fr/emploi/recherche.html?k=ESA+ing%C3%A9nieur+biomedical+imagerie+m%C3%A9dicale&l=France,https://fr.indeed.com/jobs?q=ESA+ing%C3%A9nieur+biomedical+imagerie+m%C3%A9dicale&l=France+Suisse,,verified_official,Official European Space Agency recruiting site.,2026-05-29
yes,Wyss Institute,labo,France OR Suisse OR Switzerland,https://wyss.harvard.edu/careers/,,,https://www.linkedin.com/jobs/search/?keywords=Wyss+Institute+engineer+biomedical+medical+imaging&location=France+Suisse,https://www.hellowork.com/fr-fr/emploi/recherche.html?k=Wyss+Institute+ing%C3%A9nieur+biomedical+imagerie+m%C3%A9dicale&l=France,https://fr.indeed.com/jobs?q=Wyss+Institute+ing%C3%A9nieur+biomedical+imagerie+m%C3%A9dicale&l=France+Suisse,,verified_official,Official Wyss Institute careers page.,2026-05-29
yes,ARTORG,labo,France OR Suisse OR Switzerland,https://www.artorg.unibe.ch/about_us/jobs/index_eng.html,,,https://www.linkedin.com/jobs/search/?keywords=ARTORG+engineer+biomedical+medical+imaging&location=France+Suisse,https://www.hellowork.com/fr-fr/emploi/recherche.html?k=ARTORG+ing%C3%A9nieur+biomedical+imagerie+m%C3%A9dicale&l=France,https://fr.indeed.com/jobs?q=ARTORG+ing%C3%A9nieur+biomedical+imagerie+m%C3%A9dicale&l=France+Suisse,,verified_official,Official ARTORG jobs page.,2026-05-29
"yes,Physique pour la médecine,entreprise,France OR Paris OR Europe OR Suisse OR Switzerland OR remote,https://www.physicsformedicine.espci.fr/,""""""Physics for Medicine"""" ESPCI CNRS Inserm"",official_labo_page_no_jobs,Official institute page; no dedicated jobs page found.",2026-05-27,entreprise,France OR Suisse OR Switzerland,,,,https://www.linkedin.com/jobs/search/?keywords=2026-05-27+engineer+biomedical+medical+imaging&location=France+Suisse,https://www.hellowork.com/fr-fr/emploi/recherche.html?k=2026-05-27+ing%C3%A9nieur+biomedical+imagerie+m%C3%A9dicale&l=France,https://fr.indeed.com/jobs?q=2026-05-27+ing%C3%A9nieur+biomedical+imagerie+m%C3%A9dicale&l=France+Suisse,,,,2026-05-29
yes,Institut du Cerveau,labo,France OR Suisse OR Switzerland,https://offres.institutducerveau-icm.org/,,,https://www.linkedin.com/jobs/search/?keywords=Institut+du+Cerveau+engineer+biomedical+medical+imaging&location=France+Suisse,https://www.hellowork.com/fr-fr/emploi/recherche.html?k=Institut+du+Cerveau+ing%C3%A9nieur+biomedical+imagerie+m%C3%A9dicale&l=France,https://fr.indeed.com/jobs?q=Institut+du+Cerveau+ing%C3%A9nieur+biomedical+imagerie+m%C3%A9dicale&l=France+Suisse,,verified_official,Official Institut du Cerveau offers portal.,2026-05-29
yes,Lunaphore,entreprise,France OR Suisse OR Switzerland,https://biotechne.wd5.myworkdayjobs.com/Biotechne,,,https://www.linkedin.com/jobs/search/?keywords=Lunaphore+engineer+biomedical+medical+imaging&location=France+Suisse,https://www.hellowork.com/fr-fr/emploi/recherche.html?k=Lunaphore+ing%C3%A9nieur+biomedical+imagerie+m%C3%A9dicale&l=France,https://fr.indeed.com/jobs?q=Lunaphore+ing%C3%A9nieur+biomedical+imagerie+m%C3%A9dicale&l=France+Suisse,PhD OR ingénieur R&D OR medical imaging OR biomedical OR Python OR MATLAB,verified_or_user_provided,Bio-Techne Workday pour Lunaphore.,2026-05-29
yes,CNRS,labo,France OR Suisse OR Switzerland,https://emploi.cnrs.fr/Offres/Recherche.aspx,,,https://www.linkedin.com/jobs/search/?keywords=CNRS+engineer+biomedical+medical+imaging&location=France+Suisse,https://www.hellowork.com/fr-fr/emploi/recherche.html?k=CNRS+ing%C3%A9nieur+biomedical+imagerie+m%C3%A9dicale&l=France,https://fr.indeed.com/jobs?q=CNRS+ing%C3%A9nieur+biomedical+imagerie+m%C3%A9dicale&l=France+Suisse,PhD OR ingénieur R&D OR medical imaging OR biomedical OR Python OR MATLAB,verified_or_user_provided,Recherche offres CNRS.,2026-05-29
yes,Inserm,labo,France OR Suisse OR Switzerland,https://pro.inserm.fr/rubriques/nous-rejoindre/offres-demploi,,,https://www.linkedin.com/jobs/search/?keywords=Inserm+engineer+biomedical+medical+imaging&location=France+Suisse,https://www.hellowork.com/fr-fr/emploi/recherche.html?k=Inserm+ing%C3%A9nieur+biomedical+imagerie+m%C3%A9dicale&l=France,https://fr.indeed.com/jobs?q=Inserm+ing%C3%A9nieur+biomedical+imagerie+m%C3%A9dicale&l=France+Suisse,,verified_official,Official Inserm job offers page.,2026-05-29
yes,Institut Pasteur,labo,France OR Suisse OR Switzerland,https://emploi.pasteur.fr/offre-de-emploi/liste-offres.aspx,,,https://www.linkedin.com/jobs/search/?keywords=Institut+Pasteur+engineer+biomedical+medical+imaging&location=France+Suisse,https://www.hellowork.com/fr-fr/emploi/recherche.html?k=Institut+Pasteur+ing%C3%A9nieur+biomedical+imagerie+m%C3%A9dicale&l=France,https://fr.indeed.com/jobs?q=Institut+Pasteur+ing%C3%A9nieur+biomedical+imagerie+m%C3%A9dicale&l=France+Suisse,,verified_official,Official Institut Pasteur job offers.,2026-05-29
yes,Institut Curie,labo,France OR Suisse OR Switzerland,https://curie.fr/offres-emploi,,,https://www.linkedin.com/jobs/search/?keywords=Institut+Curie+engineer+biomedical+medical+imaging&location=France+Suisse,https://www.hellowork.com/fr-fr/emploi/recherche.html?k=Institut+Curie+ing%C3%A9nieur+biomedical+imagerie+m%C3%A9dicale&l=France,https://fr.indeed.com/jobs?q=Institut+Curie+ing%C3%A9nieur+biomedical+imagerie+m%C3%A9dicale&l=France+Suisse,,verified_official,Official Institut Curie job offers.,2026-05-29
yes,Iconeus,entreprise,France OR Suisse OR Switzerland,https://iconeus.com/about-us/careers/,,,https://www.linkedin.com/jobs/search/?keywords=Iconeus+engineer+biomedical+medical+imaging&location=France+Suisse,https://www.hellowork.com/fr-fr/emploi/recherche.html?k=Iconeus+ing%C3%A9nieur+biomedical+imagerie+m%C3%A9dicale&l=France,https://fr.indeed.com/jobs?q=Iconeus+ing%C3%A9nieur+biomedical+imagerie+m%C3%A9dicale&l=France+Suisse,,verified_official,Official Iconeus careers page.,2026-05-29
yes,UPEC,labo,France OR Suisse OR Switzerland,https://u-pec.nous-recrutons.fr/,,,https://www.linkedin.com/jobs/search/?keywords=UPEC+engineer+biomedical+medical+imaging&location=France+Suisse,https://www.hellowork.com/fr-fr/emploi/recherche.html?k=UPEC+ing%C3%A9nieur+biomedical+imagerie+m%C3%A9dicale&l=France,https://fr.indeed.com/jobs?q=UPEC+ing%C3%A9nieur+biomedical+imagerie+m%C3%A9dicale&l=France+Suisse,PhD OR ingénieur R&D OR medical imaging OR biomedical OR Python OR MATLAB,verified_or_user_provided,Portail recrutement UPEC.,2026-05-29
yes,Abbot,entreprise,France OR Suisse OR Switzerland,https://www.jobs.abbott/us/en/c/research-development-jobs,,,https://www.linkedin.com/jobs/search/?keywords=Abbot+engineer+biomedical+medical+imaging&location=France+Suisse,https://www.hellowork.com/fr-fr/emploi/recherche.html?k=Abbot+ing%C3%A9nieur+biomedical+imagerie+m%C3%A9dicale&l=France,https://fr.indeed.com/jobs?q=Abbot+ing%C3%A9nieur+biomedical+imagerie+m%C3%A9dicale&l=France+Suisse,PhD OR ingénieur R&D OR medical imaging OR biomedical OR Python OR MATLAB,verified_or_user_provided,Portail Abbott R&D jobs.,2026-05-29
yes,Hamilton,entreprise,France OR Suisse OR Switzerland,https://jobs.hamilton.ch/en/open-positions/,,,https://www.linkedin.com/jobs/search/?keywords=Hamilton+engineer+biomedical+medical+imaging&location=France+Suisse,https://www.hellowork.com/fr-fr/emploi/recherche.html?k=Hamilton+ing%C3%A9nieur+biomedical+imagerie+m%C3%A9dicale&l=France,https://fr.indeed.com/jobs?q=Hamilton+ing%C3%A9nieur+biomedical+imagerie+m%C3%A9dicale&l=France+Suisse,PhD OR ingénieur R&D OR medical imaging OR biomedical OR Python OR MATLAB,verified_or_user_provided,Hamilton open positions.,2026-05-29
yes,MSD,entreprise,France OR Suisse OR Switzerland,https://jobs.msd.com/fr/fr/search-results,,,https://www.linkedin.com/jobs/search/?keywords=MSD+engineer+biomedical+medical+imaging&location=France+Suisse,https://www.hellowork.com/fr-fr/emploi/recherche.html?k=MSD+ing%C3%A9nieur+biomedical+imagerie+m%C3%A9dicale&l=France,https://fr.indeed.com/jobs?q=MSD+ing%C3%A9nieur+biomedical+imagerie+m%C3%A9dicale&l=France+Suisse,PhD OR ingénieur R&D OR medical imaging OR biomedical OR Python OR MATLAB,verified_or_user_provided,MSD search results.,2026-05-29
yes,Siemens,entreprise,France OR Suisse OR Switzerland,https://careers.siemens-healthineers.com/global/en/c/manufacturing-jobs,https://careers.siemens-healthineers.com/global/en/c/clinical-jobs,,https://www.linkedin.com/jobs/search/?keywords=Siemens+engineer+biomedical+medical+imaging&location=France+Suisse,https://www.hellowork.com/fr-fr/emploi/recherche.html?k=Siemens+ing%C3%A9nieur+biomedical+imagerie+m%C3%A9dicale&l=France,https://fr.indeed.com/jobs?q=Siemens+ing%C3%A9nieur+biomedical+imagerie+m%C3%A9dicale&l=France+Suisse,PhD OR ingénieur R&D OR medical imaging OR biomedical OR Python OR MATLAB,verified_or_user_provided,Siemens Healthineers manufacturing + clinical jobs.,2026-05-29
yes,Inria,labo,France OR Suisse OR Switzerland,https://jobs.inria.fr/public/classic/en/offres,https://jobs.inria.fr/public/classic/en/offres?filtre=doctorants,,https://www.linkedin.com/jobs/search/?keywords=Inria+engineer+biomedical+medical+imaging&location=France+Suisse,https://www.hellowork.com/fr-fr/emploi/recherche.html?k=Inria+ing%C3%A9nieur+biomedical+imagerie+m%C3%A9dicale&l=France,https://fr.indeed.com/jobs?q=Inria+ing%C3%A9nieur+biomedical+imagerie+m%C3%A9dicale&l=France+Suisse,PhD OR ingénieur R&D OR medical imaging OR biomedical OR Python OR MATLAB,verified_official,Inria jobs + filtre doctorants.,2026-05-29
yes,CEA-LIST,labo,France OR Suisse OR Switzerland,https://list.cea.fr/en/cea-list-more-than-just-a-place-to-work/,https://www.emploi.cea.fr/offre-de-emploi/liste-offres.aspx,,https://www.linkedin.com/jobs/search/?keywords=CEA-LIST+engineer+biomedical+medical+imaging&location=France+Suisse,https://www.hellowork.com/fr-fr/emploi/recherche.html?k=CEA-LIST+ing%C3%A9nieur+biomedical+imagerie+m%C3%A9dicale&l=France,https://fr.indeed.com/jobs?q=CEA-LIST+ing%C3%A9nieur+biomedical+imagerie+m%C3%A9dicale&l=France+Suisse,PhD OR ingénieur R&D OR medical imaging OR biomedical OR Python OR MATLAB,verified_official,CEA-LIST careers page + CEA offers.,2026-05-29
yes,CHUV,labo,France OR Suisse OR Switzerland,https://recrutement.chuv.ch/home.html,,,https://www.linkedin.com/jobs/search/?keywords=CHUV+engineer+biomedical+medical+imaging&location=France+Suisse,https://www.hellowork.com/fr-fr/emploi/recherche.html?k=CHUV+ing%C3%A9nieur+biomedical+imagerie+m%C3%A9dicale&l=France,https://fr.indeed.com/jobs?q=CHUV+ing%C3%A9nieur+biomedical+imagerie+m%C3%A9dicale&l=France+Suisse,PhD OR ingénieur R&D OR medical imaging OR biomedical OR Python OR MATLAB,verified_official,CHUV recruitment portal.,2026-05-29
